{"train/logps/rejected":-94.46417999267578,"train/rewards/chosen":-0.889169454574585,"train_runtime":468.0987,"train/rewards/margins":2.8024394512176514,"_timestamp":1.7507746786983798e+09,"train/epoch":1,"train_samples_per_second":10.088,"train/loss":0.1491,"train/logps/chosen":-67.20439910888672,"train/grad_norm":166,"train/global_step":1181,"train/logits/rejected":-0.6945459246635437,"_step":1181,"train_steps_per_second":2.523,"train/rewards/rejected":-3.6916089057922363,"train/rewards/accuracies":1,"total_flos":0,"train_loss":0.47445200503370855,"train/logits/chosen":-0.9101933240890503,"_wandb":{"runtime":552},"_runtime":467.881687085,"train/learning_rate":2.1877132838632465e-11}