{"_timestamp":1.750769960072303e+09,"train/epoch":1,"train/loss":2.0328,"total_flos":4.33327070601216e+15,"train_samples_per_second":13.234,"_runtime":356.602885037,"train/grad_norm":3.7579345703125,"train_steps_per_second":3.31,"_step":1181,"train_loss":1.899766490582588,"train/mean_token_accuracy":0.6266666650772095,"train_runtime":356.8199,"train/num_tokens":741492,"train/learning_rate":2.1877132838632463e-10,"train/global_step":1181,"_wandb":{"runtime":361}}