{"train/grad_norm":6.302961826324463,"train/num_tokens":741492,"train_steps_per_second":1.486,"_wandb":{"runtime":798},"train_runtime":794.7294,"train/mean_token_accuracy":0.4050000011920929,"train/learning_rate":2.1877132838632465e-11,"total_flos":5.487785187139584e+15,"_runtime":794.510992013,"train_samples_per_second":5.942,"train/global_step":1181,"_step":1181,"train/epoch":1,"train_loss":0.9963840270930685,"_timestamp":1.750781622396234e+09,"train/loss":1.2473}