{"_step":1181,"train_runtime":790.3547,"train/num_tokens":741492,"train/loss":0.8081,"train/global_step":1181,"_runtime":790.137058037,"train/epoch":1,"_timestamp":1.7507782110166674e+09,"train_steps_per_second":1.494,"train/learning_rate":2.1877132838632463e-10,"_wandb":{"runtime":795},"train/mean_token_accuracy":0.5,"total_flos":5.487785187139584e+15,"train/grad_norm":2.331087112426758,"train_loss":0.8898411573846899,"train_samples_per_second":5.975}