{"train/logits/chosen":-1.4644978046417236,"total_flos":0,"train/logps/rejected":-238.93484497070312,"train_loss":1.542372649812405,"_timestamp":1.7507684616581988e+09,"train_steps_per_second":2.538,"train/logps/chosen":-167.30882263183594,"train_runtime":465.2907,"_step":1181,"train/global_step":1181,"train/rewards/margins":7.2390642166137695,"train/rewards/chosen":-10.899612426757812,"train/rewards/accuracies":1,"train/learning_rate":2.1877132838632463e-10,"_wandb":{"runtime":534},"train/grad_norm":30.125,"train/rewards/rejected":-18.138675689697266,"train/logits/rejected":-1.5323126316070557,"train_samples_per_second":10.148,"_runtime":465.114748612,"train/epoch":1,"train/loss":0.084}