{"train/learning_rate":2.5e-05,"_step":15,"train/num_tokens":20299,"train/mean_token_accuracy":0.5843853801488876,"train/global_step":16,"_runtime":11.311178801,"_wandb":{"runtime":12},"train/grad_norm":1.5153268575668335,"_timestamp":1.7507695767706144e+09,"train/loss":2.3284,"train/epoch":0.027107157983905124}