{"_wandb":{"runtime":35},"_timestamp":1.750777396359026e+09,"train/loss":1.1859,"_step":49,"train/num_tokens":31372,"train/global_step":50,"_runtime":35.089479201,"train/learning_rate":4.11764705882353e-05,"train/grad_norm":2.020071268081665,"train/epoch":0.042354934349851756,"train/mean_token_accuracy":0.4440321922302246}