{"train/global_step":1181,"_step":1181,"train/mean_token_accuracy":0.6200000047683716,"train_steps_per_second":3.137,"_wandb":{"runtime":381},"train/learning_rate":1.0938566419316231e-10,"train/epoch":1,"train/loss":2.0871,"train_loss":1.9228620090088937,"_runtime":376.30984272,"total_flos":4.33327070601216e+15,"_timestamp":1.7507732408144996e+09,"train/num_tokens":741492,"train_runtime":376.5255,"train_samples_per_second":12.541,"train/grad_norm":5.1356201171875}