{"train_samples_per_second":13.293,"_timestamp":1.7507753151469154e+09,"_step":1181,"train/grad_norm":5.526126384735107,"train/learning_rate":2.1877132838632465e-11,"train_loss":2.018538717795589,"train/mean_token_accuracy":0.6106666624546051,"train_steps_per_second":3.325,"train/num_tokens":741492,"train/global_step":1181,"train_runtime":355.2299,"_runtime":355.013575249,"train/epoch":1,"_wandb":{"runtime":360},"total_flos":4.33327070601216e+15,"train/loss":2.1567}