{"_wandb":{"runtime":372},"train/grad_norm":5.688711166381836,"train_samples_per_second":12.804,"_runtime":368.561344786,"train_loss":2.113114170963536,"train/epoch":1,"_step":1181,"train/global_step":1181,"total_flos":4.33327070601216e+15,"train/num_tokens":741492,"train/loss":2.2256,"_timestamp":1.7507769744301286e+09,"train/mean_token_accuracy":0.6226666867733002,"train_steps_per_second":3.202,"train/learning_rate":1.0938566419316232e-11,"train_runtime":368.7775}